<?xml version="1.0" encoding="UTF-8"?>
<preferences>
 <debug showDebugMenu="0" />
 <systemtable filter="Default">
  <columns>
   <connections preferredWidth="175" />
   <irq preferredWidth="34" />
   <name preferredWidth="196" />
  </columns>
 </systemtable>
 <clocktable>
  <columns>
   <clockname preferredWidth="548" />
   <clocksource preferredWidth="548" />
   <frequency preferredWidth="528" />
  </columns>
 </clocktable>
 <library
   expandedCategories="Library,Project,Library/University Program,Library/University Program/Memory" />
 <window width="1366" height="728" x="0" y="0" />
</preferences>
